name,prompt,model,max_tokens,temperature,top_p,n_completions,stop,presence_penalty,frequency_penalty,user,stream,event
product-description-conversational-en,Write a witty product description in a conversational style so young adult shoppers understand what this product does and how it benefits them. Use the following product details to summarize your description: Title: %title%,gpt-3.5-turbo,1000,1,1,2,,0,0,spryker-gpt,,
product-description-beneficial-en,Write a product description for expert carpenters that focuses on the benefits of this product in their day-to-day work. Use the following product details to summarize your description: Title: %title%,gpt-3.5-turbo,1000,1,1,2,,0,0,spryker-gpt,,
product-description-urgency-en,Write a motivational product description for busy middle school teachers that describes this product and its benefits to their students so they promptly purchase it for the upcoming school year. Use the following product details to summarize your description: Title: %title%,gpt-3.5-turbo,1000,1,1,2,,0,0,spryker-gpt,,
product-description-expertise-en,Write a clear and concise product description for expert rock climbers that describes this product for its use while repelling canyon walls made of hard rock materials. Use the following product details to summarize your description: Title: %title%,gpt-3.5-turbo,1000,1,1,2,,0,0,spryker-gpt,,
product-description-emotional-en,Write a vivid product description for hungry individuals that describes this product and how satisfying they’ll feel after consuming the entire box. Use the following product details to summarize your description: Title: %title%,gpt-3.5-turbo,1000,1,1,2,,0,0,spryker-gpt,,
product-description-emojional-en,Write a vivid product description for hungry individuals that describes this product and how satisfying they’ll feel after consuming the entire box. Use much web emojis as possible. Use the following product details to summarize your description: Title: %title%,gpt-3.5-turbo,1000,1,1,2,,0,0,spryker-gpt,,
product-description-better-buy-apple-product-en,Write a product description which mentions why it should not be bought and a product from the company apple should be considered instead in a short and funny way. Use the following product details to summarize your description: Title: %title%,gpt-3.5-turbo,1000,1,1,2,,0,0,spryker-gpt,,
exception-message-explain-prompt-en,"Given the PHP class data, your task is to explain this exception. Please exclude any comments or extraneous text from your response.",gpt-3.5-turbo,1000,1,1,1,,0,0,spryker-gpt,,OPENAI_API_DEBUG_ERROR_RENDERER_PROMPT_NAME
exception-message-prompt-with-fix-en,"Given the PHP class data, your task is to fix the code. Please exclude any comments or extraneous text from your response. When no information is available for a field its content should be equal to "N/A". Return your response by updating the given field data of the jira ticket.",gpt-3.5-turbo,1000,1,1,1,,0,0,spryker-gpt,,OPENAI_API_DEBUG_ERROR_RENDERER_PROMPT_NAME_FIX
